关键词,推荐理由,竞争指数,月搜索指数,市场出价
三文鱼,同行买词,高,"685,117",0.63
三文鱼怎么做好吃,同行买词,高,"369,040",0.54
三文鱼辅食,蓝海词、同行买词,高,"159,232",0.36
三文鱼焖饭,同行买词,高,"125,160",0.30
三文鱼热量,同行买词,高,"124,406",0.41
山姆三文鱼,同行买词,高,"109,352",0.49
三文鱼怎么煎好吃又嫩,同行买词,高,"103,999",0.47
三文鱼做法,同行买词,高,"103,023",0.52
三文鱼炒饭,同行买词,高,"98,530",0.34
三文鱼头怎么做好吃,同行买词,高,"87,529",0.41
盒马三文鱼,蓝海词、同行买词、高点击,高,"86,675",0.30
三文鱼怎么煎,同行买词,高,"80,354",0.75
三文鱼波奇饭,同行买词,高,"79,031",0.53
三文鱼公主,蓝海词,低,"72,459",0.30
三文鱼蛋糕,同行买词,高,"69,811",0.36
枫糖三文鱼,同行买词、高点击,高,"67,371",0.52
三文鱼头,同行买词,高,"63,913",0.42
空气炸锅三文鱼,同行买词,高,"62,191",0.48
三文鱼饭,同行买词,高,"61,770",0.39
烤三文鱼,同行买词,高,"46,687",0.57
三文鱼减脂餐,同行买词,高,"46,549",0.47
三文鱼水光,同行买词,高,"42,824",1.31
三文鱼骨,同行买词,高,"41,589",1.08
三文鱼的好处与功效,同行买词,高,"39,771",0.91
美乃滋三文鱼,同行买词,高,"36,408",0.48
烟熏三文鱼,同行买词,高,"36,091",0.47
三文鱼拌饭,同行买词,高,"33,805",0.37
三文鱼怎么吃,同行买词,高,"33,199",0.38
三文鱼吃法,同行买词,高,"32,540",0.40
吃一整只三文鱼,,高,"32,485",0.62
三文鱼骨怎么做好吃,同行买词,高,"30,955",0.75
三文鱼色,蓝海词、同行买词,高,"29,069",0.85
瑷科缦三文鱼面膜,同行买词、高点击,高,"28,601",4.10
吃三文鱼,同行买词,高,"27,682",0.72
生腌三文鱼,同行买词,高,"27,503",0.71
烤三文鱼头,同行买词,高,"27,164",0.81
三文鱼宝宝辅食怎么做好吃,高点击,高,"27,061",0.40
三文鱼和虹鳟鱼的区别,蓝海词、同行买词、高点击,高,"25,195",0.30
三文鱼的做法大全,同行买词,高,"25,164",0.59
三文鱼边角料,蓝海词、同行买词,高,"24,759",0.48
三文鱼刺身,同行买词,高,"23,738",0.52
三文鱼沙拉,同行买词,高,"23,325",0.62
三文鱼色遮瑕,同行买词,高,"22,584",0.97
三文鱼薯片塔可,蓝海词、同行买词、高点击,高,"21,991",0.32
枫糖烟熏三文鱼,同行买词、高点击,高,"20,957",0.81
三文鱼头豆腐汤,蓝海词、同行买词,高,"20,883",0.35
三文鱼边角料怎么做好吃,同行买词,高,"19,621",0.46
三文鱼骨做法,同行买词,高,"19,576",1.14
三文鱼头空气炸锅,同行买词,高,"19,253",0.64
三文鱼什么味道,同行买词,高,"18,975",0.64
波奇三文鱼披萨,高点击,高,"17,639",0.34
三文鱼为什么被建议少吃,同行买词,高,"17,200",0.42
蒸三文鱼,蓝海词、同行买词,高,"17,023",0.43
沃尔玛三文鱼,同行买词,高,"17,007",0.76
三文鱼寿司,同行买词,高,"16,920",0.54
三文鱼怎么保存,同行买词,高,"16,388",1.37
希灵三文鱼,,高,"16,351",0.54
牛油果三文鱼,同行买词,高,"16,348",0.51
三文鱼骨空气炸锅,同行买词,高,"16,229",0.59
吃一整条三文鱼,同行买词,高,"15,692",0.58
法罗三文鱼,同行买词,高,"15,636",0.81
三文鱼腩,同行买词,高,"15,634",0.47
三文鱼自助,同行买词,高,"15,549",0.45
三文鱼推荐,同行买词,高,"15,536",0.65
三文鱼排,同行买词,高,"15,335",2.96
三文鱼熟吃,同行买词、高点击,高,"15,245",0.42
三文鱼有没有寄生虫,同行买词,高,"15,200",0.97
海里家里三文鱼,蓝海词、同行买词,中,"15,046",0.38
三文鱼色的笑话,蓝海词,低,"15,038",0.49
三文鱼辅食做法,同行买词,中,"14,851",0.40
三文鱼空气炸锅做法,同行买词,高,"14,657",0.50
三文鱼寿司元素,蓝海词,中,"14,554",0.50
沉浸式吃厚切三文鱼,同行买词、高点击,高,"14,459",0.48
三文鱼摆盘,同行买词,高,"14,398",0.90
三文鱼头汤,蓝海词、同行买词,高,"14,335",0.48
山姆三文鱼块,同行买词,高,"14,099",0.59
三文鱼吃播,同行买词,低,"13,724",1.15
三文鱼头最好吃的做法大全,,高,"13,676",0.37
新疆三文鱼,蓝海词、同行买词,高,"13,459",0.34
三文鱼配什么吃,同行买词,高,"13,440",0.43
法罗三文鱼和挪威三文鱼,同行买词、高点击,高,"13,350",0.69
三文鱼汤,蓝海词、同行买词,高,"13,329",0.57
虹鳟和三文鱼区别,同行买词、高点击,高,"13,292",0.59
文刀三文鱼,同行买词,高,"13,171",2.49
三文鱼哪个部位最好吃,同行买词、高点击,高,"13,160",0.60
三文鱼怎么切,同行买词,高,"13,136",0.59
三文鱼为什么尽量少吃,同行买词,中,"12,951",1.00
三文鱼为什么建议少吃,同行买词,高,"12,816",0.35
三文鱼鱼头怎么做好吃,同行买词,高,"12,745",0.48
三文鱼菌菇焖饭,同行买词、高点击,高,"12,681",0.30
三文鱼面膜,同行买词,高,"12,649",2.82
挪威三文鱼,同行买词,高,"12,647",0.97
gb10136可生食三文鱼标准,蓝海词、高点击,高,"12,573",0.79
三文鱼烩饭,蓝海词、高点击,中,"12,356",0.30
三文鱼排怎么做好吃,同行买词,高,"12,250",0.55
三文鱼牛油果拌饭,同行买词,高,"12,221",0.33
山姆三文鱼做法,同行买词,高,"12,144",0.43
枫糖三文鱼到底啥味,蓝海词、高点击,高,"12,078",0.46
照烧三文鱼,同行买词,高,"12,054",0.53
三文鱼怎么做,同行买词,高,"11,954",0.39
小象超市三文鱼,同行买词,高,"11,922",0.65
三文鱼意面,同行买词,高,"11,721",0.74
三文鱼辅食怎么做,同行买词,高,"11,707",0.35
三文鱼水光功效,同行买词,高,"11,644",1.23
寿司郎三文鱼,蓝海词、同行买词,高,"11,599",0.59
三文鱼仙人vs米饭仙人,蓝海词,高,"11,504",0.53
三文鱼蘸料,同行买词,高,"11,332",0.35
三文鱼寄生虫长什么样子,蓝海词、高点击,中,"11,289",0.30
山姆三文鱼可以生吃吗,同行买词,高,"11,287",0.40
清蒸三文鱼,同行买词,中,"11,274",0.86
长期吃三文鱼的危害,蓝海词、高点击,中,"11,152",1.00
托斯卡纳三文鱼,蓝海词、同行买词,低,"11,115",4.38
三文鱼三明治,同行买词,高,"11,104",0.54
三文鱼拼豆,蓝海词,高,"11,046",1.53
三文鱼粥,蓝海词、同行买词,中,"10,990",0.34
三文鱼图片,,高,"10,953",0.70
pdrn三文鱼水光,同行买词,高,"10,922",2.49
三文鱼店铺,同行买词、高点击,高,"10,898",0.59
山姆三文鱼的做法,,高,"10,853",0.30
三文鱼文案,蓝海词、高点击,中,"10,488",0.30
长期吃三文鱼的危害和好处,同行买词,高,"10,345",0.49
枫糖烟熏三文鱼真实测评,蓝海词、高点击,高,"10,295",0.30
为什么老是想吃三文鱼,同行买词,高,"10,279",0.66
三文鱼为什么要尽量多吃,,高,"10,194",0.65
永辉三文鱼,同行买词,高,"10,128",0.46
三文鱼鱼腩,蓝海词、同行买词,高,"9,945",0.47
三文鱼吃不完怎么保存,同行买词,高,"9,940",1.14
三文鱼碎肉怎么做好吃,同行买词,高,"9,858",0.81
三文鱼为什么尽量多吃,同行买词,高,"9,824",0.57
三文鱼头为什么尽量少吃,蓝海词,中,"9,758",0.30
三文鱼好吃吗,同行买词,高,"9,715",0.70
三文鱼扒,同行买词,高,"9,543",0.44
沉浸式吃美乃滋三文鱼,,高,"9,440",0.52
三文鱼色美甲,蓝海词,中,"9,432",1.18
盒马三文鱼干,蓝海词,中,"9,345",0.55
吃三文鱼会胖吗,蓝海词、同行买词,中,"9,318",0.48
三文鱼面条,同行买词,高,"9,273",0.54
沉浸式吃超大三文鱼,,高,"9,268",0.74
三文鱼鱼头,同行买词,高,"9,220",0.44
烤三文鱼骨,同行买词,高,"9,186",0.99
小象三文鱼,同行买词,高,"9,162",0.54
三文鱼塔塔,,高,"9,162",0.38
滨寿司三文鱼,蓝海词、同行买词,中,"9,149",0.30
捞汁三文鱼,同行买词,高,"9,088",0.45
狂吃三文鱼,同行买词,中,"8,948",0.65
三文鱼盖饭,同行买词,高,"8,943",0.33
三文鱼蛋糕自制,同行买词,高,"8,921",0.38
肥嘟嘟三文鱼,,高,"8,914",0.56
空气炸锅烤三文鱼,同行买词,高,"8,882",0.52
三文鱼炒饭怎么做好吃,同行买词、高点击,高,"8,837",0.30
枫糖熏三文鱼,,高,"8,821",0.59
山姆三文鱼能生吃吗,,高,"8,744",0.57
三文鱼空气炸锅做法几分钟,,高,"8,728",0.48
朴朴三文鱼,同行买词,高,"8,652",0.65
鲑鱼和三文鱼区别,蓝海词、同行买词,高,"8,390",0.51
三文鱼活着的时候长啥样,,高,"8,376",1.00
三文鱼元素垄断,,低,"8,305",0.38
盒马三文鱼可以生吃吗,蓝海词、高点击,中,"8,289",0.30
麦德龙三文鱼,同行买词,高,"8,257",0.56
奥乐齐三文鱼,,高,"8,199",0.35
三文鱼茶泡饭,,高,"8,181",0.34
舔鲜3倍DHA黄金三文鱼,,高,"8,059",3.03
三文鱼寄生虫,同行买词,中,"8,038",0.76
烟熏三文鱼怎么吃,同行买词,高,"8,003",0.35
三文鱼生吃,同行买词,高,"7,956",0.41
三文鱼塔可,,高,"7,903",0.39
三文鱼皮怎么做好吃,,高,"7,845",0.56
三文鱼边角料怎么给猫吃,,高,"7,757",1.34
三文鱼热量高吗,蓝海词、同行买词,中,"7,752",0.36
枫糖冷熏三文鱼,高点击,高,"7,734",0.57
三文鱼骨汤,同行买词,中,"7,726",0.63
必胜客波奇三文鱼披萨,高点击,高,"7,712",0.34
三文鱼taco,,高,"7,641",0.30
山姆三文鱼空气炸锅,同行买词,高,"7,620",1.17
烤三文鱼烤箱做法几分钟,同行买词,高,"7,607",1.12
三文鱼边角料人能吃吗,蓝海词、同行买词,中,"7,530",0.55
三文鱼扒怎么做好吃,,高,"7,392",0.37
冻过的三文鱼怎么吃,,高,"7,390",0.55
番茄三文鱼,同行买词,高,"7,316",0.30
三文鱼美甲,蓝海词,低,"7,302",1.36
盒马日日鲜三文鱼,蓝海词、同行买词、高点击,高,"7,263",0.30
冰岛三文鱼,同行买词、高点击,高,"7,218",0.63
普丽兰三文鱼,同行买词,高,"7,202",1.73
尼莫三文鱼,,低,"7,183",0.30
氐殊三文鱼,同行买词,高,"7,175",1.76
三文鱼芍药,蓝海词、同行买词,低,"7,167",1.00
三文鱼公主是谁,,低,"7,154",0.30
三文鱼头煲,,中,"7,136",0.46
大润发三文鱼,同行买词,高,"7,067",0.52
三文鱼寄生虫外观图片,,低,"7,067",0.30
冷冻三文鱼怎么做好吃,同行买词,高,"7,064",0.56
三文鱼煎法,同行买词,高,"7,038",0.61
三文鱼块怎么做好吃,同行买词,高,"7,006",0.43
三文鱼面,蓝海词、同行买词,中,"6,995",0.57
沉浸式大口吃三文鱼,,高,"6,972",0.42
薯片三文鱼,同行买词,高,"6,950",0.62
100g三文鱼,同行买词,高,"6,937",0.75
三文鱼皮,同行买词,高,"6,916",0.38
吃三文鱼的好处,同行买词,高,"6,863",0.62
三文鱼煮熟了好吃吗,高点击,中,"6,770",0.49
三文鱼怎么挑选,蓝海词、同行买词、高点击,高,"6,723",0.41
三文鱼遮瑕,同行买词,高,"6,659",0.91
营养森林三文鱼猫粮,同行买词、高点击,高,"6,643",1.39
虹鳟鱼和三文鱼区别,同行买词、高点击,高,"6,577",0.30
三文鱼搭配禁忌,同行买词,高,"6,546",0.32
三文鱼头做法,同行买词,高,"6,546",0.91
三文鱼饭团,蓝海词、同行买词,中,"6,546",0.79
三文鱼波奇饭做法,同行买词,高,"6,524",0.34
宝宝三文鱼,同行买词、高点击,中,"6,516",0.46
京者三文鱼,同行买词、高点击,高,"6,506",0.85
女王与鲜生三文鱼,同行买词,高,"6,490",0.44
三文鱼价格,同行买词,高,"6,487",0.54
十二念三文鱼自助,高点击,中,"6,461",0.46
沉浸式大口吃整块三文鱼,高点击,高,"6,450",0.57
100g三文鱼热量,,高,"6,448",0.59
三文鱼色遮瑕推荐,同行买词,高,"6,437",1.05
海屿季·三文鱼海鲜自助,,高,"6,421",0.58
三文鱼熟食做法,同行买词,高,"6,400",0.40
三文鱼焖饭电饭煲,同行买词,高,"6,397",0.69
三文鱼牛油果沙拉,同行买词,高,"6,371",0.76
微波炉三文鱼,同行买词,高,"6,326",0.86
宝宝三文鱼辅食怎么做,同行买词、高点击,中,"6,321",0.38
枫糖三文鱼真的好吃吗,蓝海词、高点击,中,"6,307",0.63
弘大三文鱼,蓝海词,低,"6,257",0.51
帝王鲑和三文鱼有什么不同,同行买词,高,"6,249",1.00
蓝塞夫三文鱼,同行买词,高,"6,117",0.71
炙烤三文鱼,,高,"6,098",0.40
三文鱼鱼骨,同行买词,中,"6,053",0.48
沉浸式大口大口吃三文鱼,,高,"6,048",0.69
三文鱼和虹鳟鱼区别图,同行买词,高,"6,024",0.38
凉拌三文鱼,同行买词,高,"6,001",0.61
铂金三文鱼,同行买词,中,"5,987",0.88
三文鱼蛋白质含量,同行买词,中,"5,966",0.68
必胜客三文鱼披萨,高点击,中,"5,966",0.38
三文鱼块,同行买词,高,"5,953",0.45
熟三文鱼,同行买词,高,"5,903",0.40
三文鱼三角巾,,低,"5,876",1.00
烟熏三文鱼三明治,同行买词,高,"5,874",0.53
奶油三文鱼,蓝海词,高,"5,813",0.59
三文鱼碎肉,同行买词,高,"5,789",0.50
烤箱三文鱼,同行买词,高,"5,757",0.77
哺乳期可以吃三文鱼吗,蓝海词、同行买词,低,"5,731",3.10
两潮鲜三文鱼,,高,"5,704",0.95
三文鱼吃多了的危害,同行买词、高点击,中,"5,696",0.31
枫糖三文鱼价格,蓝海词,中,"5,688",0.55
三文鱼烤箱做法,同行买词,高,"5,686",0.96
蒸三文鱼怎么蒸好吃又嫩,,中,"5,683",0.49
盒马三文鱼哪个好,蓝海词、同行买词、高点击,高,"5,649",0.41
生腌三文鱼做法,同行买词,高,"5,588",0.56
佰悦三文鱼,同行买词,高,"5,532",0.81
三文鱼鱼骨怎么做好吃,,中,"5,519",0.38
陈随便的希灵三文鱼店,,中,"5,445",0.91
味增三文鱼,同行买词,中,"5,440",0.57
三文鱼减脂期间怎么吃,,高,"5,418",0.50
常吃三文鱼的危害,,低,"5,405",0.30
三文鱼公主连线爆笑片段,,低,"5,392",0.30
减肥可以吃三文鱼吗,蓝海词、同行买词,高,"5,392",0.40
三文鱼色遮瑕怎么用,同行买词,中,"5,313",1.00
三文鱼鱼腩和中段哪个好吃,同行买词、高点击,高,"5,260",0.37
三文鱼元素,,中,"5,239",1.00
三文鱼煎,同行买词,高,"5,178",0.57
三文鱼怎么煎不腥,同行买词,高,"5,159",0.63
三文鱼配什么主食,同行买词,高,"5,141",0.57
三文鱼早餐,同行买词,高,"5,130",0.40
丽珠兰三文鱼,同行买词、高点击,高,"5,109",0.98
三文鱼丼饭,,高,"5,093",0.40
叮咚三文鱼,,高,"5,077",1.13
三文鱼豆腐汤,同行买词,中,"5,075",4.20
三文鱼真的有很多寄生虫吗,,低,"5,067",0.60
三文鱼饼,蓝海词、同行买词,低,"5,043",0.30
为什么会一直想吃三文鱼,,高,"5,022",0.45
德妃pdrn三文鱼胜肽精华,同行买词,高,"5,000",3.87
盒马nb三文鱼,,高,"5,003",0.53
山姆的三文鱼可以生吃吗,同行买词,中,"4,998",0.58
三文鱼营养价值,同行买词,高,"4,971",1.01
三文鱼蒸蛋,蓝海词、同行买词,中,"4,932",0.38
网购三文鱼,同行买词、高点击,高,"4,929",0.98
宜家三文鱼,同行买词,高,"4,926",0.60
冷冻三文鱼,同行买词,高,"4,895",0.86
三文鱼太太,蓝海词,中,"4,879",1.00
三文鱼是什么鱼,同行买词,高,"4,876",0.62
大马哈鱼和三文鱼区别,,中,"4,823",1.00
宝宝辅食三文鱼,同行买词、高点击,中,"4,794",0.37
三文鱼拿铁,,低,"4,791",1.00
三文鱼生吃会有寄生虫吗,同行买词,中,"4,770",1.00
掬芥三文鱼,,高,"4,741",0.38
三文鱼怎么做好吃家常做法,同行买词,高,"4,728",0.52
三文鱼孕妇怎么吃最好,蓝海词,中,"4,720",0.33
三文鱼冷藏可以放几天,,高,"4,702",1.07
三文鱼搭配什么吃,同行买词,高,"4,686",0.48
焦糖三文鱼,同行买词,高,"4,686",0.58
经常吃三文鱼的危害,,低,"4,604",1.00
三文鱼蒸多久,蓝海词、同行买词,中,"4,596",1.11
三文鱼搭配,同行买词,高,"4,582",0.33
三文鱼为什么能生吃,,中,"4,564",0.38
三文鱼拼盘,同行买词,高,"4,540",0.57
开市客三文鱼,同行买词,高,"4,530",0.31
三文鱼可以冷冻保存吗,同行买词,高,"4,479",1.02
疯狂吃三文鱼,,高,"4,463",0.98
盒马烟熏三文鱼,同行买词,高,"4,413",0.43
三文鱼外卖,同行买词,高,"4,381",0.41
茄汁三文鱼,蓝海词、同行买词,低,"4,371",0.30
三文鱼为什么不建议吃,,高,"4,350",0.94
三文鱼中段和鱼腩哪个好,同行买词、高点击,高,"4,328",0.74
三文鱼炒饭做法,同行买词,高,"4,326",0.34
盒马三文鱼热量,蓝海词、高点击,中,"4,313",0.40
波奇三文鱼多谷物手拍,高点击,中,"4,302",0.45
三文鱼不能和什么一起吃,同行买词、高点击,中,"4,257",0.30
七鲜三文鱼,同行买词,中,"4,220",0.35
三文鱼芒果,同行买词,中,"4,215",0.40
三文鱼面条辅食,同行买词,中,"4,207",0.54
盒马三文鱼品质怎么样,同行买词、高点击,高,"4,188",0.30
三文鱼多少钱一斤,同行买词,高,"4,172",0.67
亚比三文鱼,黑马词,高,"4,154",1.03
沃集鲜三文鱼,,中,"4,149",0.50
荒野盛宴三文鱼蓝莓,高点击,高,"4,127",1.68
三文鱼排空气炸锅,同行买词,高,"4,109",0.41
减肥能吃三文鱼吗,蓝海词、同行买词、高点击,中,"4,109",0.30
三文鱼减肥,同行买词,高,"4,104",0.37
柠檬三文鱼,同行买词,中,"4,093",0.57
三文鱼饭怎么做,,高,"4,090",0.44
三文鱼牛油果薯片,蓝海词、高点击,高,"4,080",0.50
切三文鱼,同行买词、高点击,高,"4,069",0.69
三文鱼解冻,同行买词,高,"4,051",1.15
三文鱼可以隔夜吗,同行买词,中,"4,019",0.55
吃枫糖烟熏三文鱼,高点击,中,"4,016",0.39
宝宝三文鱼辅食做法,同行买词、高点击,中,"3,998",0.30
三文鱼能生吃吗,,高,"3,990",0.48
北海港三文鱼,蓝海词、高点击,中,"3,985",0.30
枫糖三文鱼多少钱,蓝海词,中,"3,982",0.80
小象超市三文鱼怎么样,,高,"3,950",0.30
丸金三文鱼自助,,中,"3,940",0.45
三文鱼长什么样子,同行买词,高,"3,937",0.91
番生三文鱼,,高,"3,913",0.58
一绪三文鱼,,中,"3,902",1.26
三文鱼腩热量,蓝海词,低,"3,889",0.57
大西洋鲑鱼是三文鱼吗,蓝海词、同行买词,中,"3,884",1.18
三文鱼骨怎么煎,同行买词,中,"3,879",0.50
晚上吃三文鱼会胖吗,蓝海词,低,"3,876",0.53
山姆三文鱼哪个适合宝宝吃,蓝海词、高点击,低,"3,876",0.57
三文鱼沉浸式吃播,,高,"3,860",0.74
evm微晶三文鱼精华,同行买词,高,"3,852",3.50
三文鱼部位,同行买词、高点击,高,"3,852",0.52
牛new三文鱼,,中,"3,834",0.46
三文鱼品种,同行买词,高,"3,828",0.92
三文鱼生日蛋糕,同行买词,高,"3,805",0.77
三文鱼是蛋白质还是脂肪,,中,"3,802",0.56
三文鱼泡菜炒饭,蓝海词、同行买词,中,"3,762",0.37
三文鱼的做法,同行买词,高,"3,762",0.66
三文鱼水光针哪个品牌好,同行买词、高点击,高,"3,728",1.28
三文鱼腩怎么做好吃,,高,"3,723",0.38
猫吃三文鱼,同行买词,高,"3,707",2.03
水之惠三文鱼自助,,中,"3,683",0.87
三文鱼生食标准,蓝海词、高点击,中,"3,670",0.30
三文鱼边角料怎么做给狗吃,,中,"3,635",0.69
一竹三文鱼,,高,"3,622",1.62
广州三文鱼,同行买词,高,"3,611",0.30
火炙三文鱼,同行买词,中,"3,609",0.51
三文鱼猫饭,同行买词,高,"3,590",1.74
gaga三文鱼泡菜波蛋饭,,中,"3,593",0.30
达美乐三文鱼披萨,同行买词、高点击,高,"3,585",0.98
吃三文鱼会有寄生虫吗,同行买词,高,"3,585",0.79
杭州三文鱼自助,,中,"3,548",0.30
三文鱼口感,同行买词,高,"3,543",0.54
三文鱼梗,,低,"3,540",1.00
三文鱼波奇饭lolita达芙妮,蓝海词、黑马词、高点击,中,"3,537",1.00
虹鳟和三文鱼怎么区分,蓝海词、高点击,中,"3,537",1.36
三文鱼粥辅食,,中,"3,506",0.53
三文鱼罐头,,高,"3,506",1.77
三文鱼是发物吗,蓝海词、高点击,中,"3,490",1.33
炒三文鱼,,高,"3,490",0.65
三文鱼虹鳟鱼区别,,中,"3,474",0.38
三文鱼排怎么煎,同行买词,中,"3,453",0.66
枫糖三文鱼到底好不好吃,,低,"3,442",0.71
山姆三文鱼哪个好,,高,"3,424",0.44
三文鱼油,同行买词,高,"3,418",2.41
铂金三文鱼水光针,同行买词,中,"3,368",1.65
三文鱼小菊,蓝海词、同行买词,低,"3,373",0.53
三文鱼的营养价值,同行买词,高,"3,360",0.57
北京三文鱼自助,同行买词、高点击,中,"3,350",0.30
三文鱼贝果,,中,"3,352",0.38
金枪鱼和三文鱼哪个好吃,同行买词,高,"3,328",0.89
红烧三文鱼,同行买词,高,"3,318",0.30
三文鱼可以生吃吗,,高,"3,310",0.38
三文鱼鱼尾,同行买词,高,"3,305",0.60
三文鱼可生食标准,高点击,高,"3,297",1.00
山姆冷冻三文鱼,同行买词,高,"3,297",0.49
山姆挪威三文鱼,同行买词,中,"3,286",1.46
三文鱼尾怎么做好吃,,中,"3,281",0.30
三文鱼牛油果波奇饭,同行买词,中,"3,273",0.30
三文鱼放冷藏还是冷冻,同行买词,高,"3,270",2.05
三文鱼饭自制,,高,"3,265",0.55
三文鱼怎么吃好吃呢,同行买词,高,"3,260",0.55
新西兰三文鱼,同行买词,高,"3,252",0.62
三文鱼寿司做法,同行买词,高,"3,252",0.83
广州三文鱼自助,高点击,高,"3,244",0.32
哺乳期能吃三文鱼吗,蓝海词、同行买词,低,"3,223",0.31
腌三文鱼,同行买词,高,"3,215",0.54
三文鱼拌饭怎么做,,高,"3,175",0.36
新疆三文鱼和挪威三文鱼区别大吗,蓝海词、同行买词,中,"3,172",0.52
三文鱼活的样子,,高,"3,172",0.55
三文鱼冷冻可以放多久,同行买词,高,"3,170",2.29
三文鱼鳍,,中,"3,156",1.00
网购三文鱼店铺推荐,同行买词、高点击,高,"3,148",0.56
200g三文鱼,同行买词,高,"3,135",0.87
盒马三文鱼几点打折,,高,"3,135",0.45
清蒸三文鱼做法,同行买词,中,"3,122",0.55
生理期可以吃三文鱼吗,,中,"3,117",0.43
三文鱼精华,同行买词,中,"3,101",2.24
沉浸式吃大块三文鱼,同行买词,中,"3,093",0.34
三文鱼骨头怎么做好吃,,中,"3,088",0.50
洋洋羊三文鱼,,高,"3,085",0.82
ole三文鱼饭团,,低,"3,085",0.75
三文鱼波奇饭lolita,蓝海词,低,"3,074",1.41
爱吃三文鱼,同行买词,高,"3,069",0.36
三文鱼刺身热量,蓝海词、同行买词,中,"3,051",0.55
清蒸三文鱼怎么做好吃又香,,中,"3,048",0.43
烤三文鱼头空气炸锅,,高,"3,048",0.80
达美乐三文鱼,同行买词,中,"3,040",0.42
三文鱼怎么做好吃儿童,,中,"3,035",0.37
三文鱼腌制,同行买词,高,"3,035",0.55
三文鱼菌菇饭,,高,"3,011",0.57
猫能吃三文鱼吗,,高,"3,011",2.25
三文鱼寿司热量,蓝海词、高点击,中,"3,008",0.30
荷兰的球员像行走的三文鱼,,低,"3,000",1.07
三文鱼酱油,同行买词,中,"3,000",0.97
三文鱼遮瑕怎么用,同行买词,中,"2,998",0.74
三文鱼做法大全,同行买词,高,"2,998",0.47
挪威和法罗三文鱼哪个好,同行买词,中,"2,995",0.55
上海三文鱼自助,高点击,中,"2,992",0.38
龙羊峡三文鱼,同行买词、高点击,高,"2,990",0.54
三文鱼生吃标准,蓝海词,中,"2,984",0.45
三文鱼柳,同行买词,高,"2,976",0.42
水煮三文鱼,同行买词,高,"2,976",0.42
女王与鲜生三文鱼怎么样,,高,"2,966",0.52
空气炸锅烤三文鱼做法,,高,"2,958",0.48
三文鱼背脂肉,,中,"2,939",0.41
叮咚买菜三文鱼,同行买词,高,"2,924",1.13
美乃滋三文鱼做法,,中,"2,921",0.53
三文鱼怎么做给宝宝吃,蓝海词、同行买词、高点击,中,"2,918",0.30
200g三文鱼热量,蓝海词、同行买词,低,"2,910",0.88
三文鱼切法,同行买词,高,"2,897",0.51
滨寿司三文鱼刺身,蓝海词,中,"2,894",0.47
孕妇可以吃三文鱼吗,蓝海词,中,"2,887",0.38
山姆三文鱼价格,同行买词,高,"2,887",0.67
三文鱼头热量,,中,"2,887",1.00
活的三文鱼,,低,"2,887",0.96
三文鱼有刺吗,蓝海词、同行买词,低,"2,884",0.55
宝宝三文鱼做法,蓝海词、同行买词、高点击,低,"2,881",0.30
三文鱼甜虾饭,同行买词,高,"2,876",0.34
来姨妈可以吃三文鱼吗,,中,"2,868",0.55
三文鱼能冷藏保存几天,,高,"2,863",1.61
金枪鱼和三文鱼的区别,同行买词,中,"2,863",1.14
三文鱼火鸡面,同行买词,高,"2,855",0.68
法罗皇冠三文鱼,同行买词,高,"2,834",0.95
三文鱼推荐网购,同行买词、高点击,高,"2,815",0.64
沉浸式吃枫糖三文鱼,,中,"2,807",1.07
山姆三文鱼寿司,同行买词,中,"2,807",0.60
三文鱼oc,蓝海词、同行买词,中,"2,807",0.57
三文鱼配什么好吃,同行买词,高,"2,804",0.75
桐岛三文鱼,,低,"2,799",1.00
三文鱼活着的样子,,高,"2,791",0.72
首尔三文鱼,同行买词,低,"2,786",0.40
壹叔三文鱼,同行买词,高,"2,783",0.68
盒马帝皇鲜三文鱼,蓝海词、高点击,中,"2,778",0.50
三文鱼鱼鳍,同行买词,中,"2,778",3.75
为什么老想吃三文鱼,同行买词、高点击,中,"2,775",0.48
三文鱼熟吃做法,,高,"2,773",0.31
三文鱼刺身怎么吃,同行买词,高,"2,770",0.46
减肥吃三文鱼,同行买词,中,"2,767",0.73
寿司郎三文鱼哪个好吃,蓝海词、高点击,中,"2,767",0.30
三文鱼煎几分钟,,高,"2,765",0.94
盒马厚切软烤三文鱼,蓝海词,中,"2,765",0.55
麦富迪三文鱼油猫粮,同行买词,高,"2,746",2.26
沉浸式吃超大块三文鱼,高点击,中,"2,746",0.83
猫可以吃三文鱼吗,同行买词,高,"2,738",1.80
烟熏三文鱼沙拉,,高,"2,730",0.57
智利三文鱼,蓝海词、同行买词,中,"2,722",0.74
三文鱼波奇饭热量,,中,"2,715",0.42
盒马三文鱼扒,,高,"2,715",0.88
卜奇脆三文鱼皮,高点击,中,"2,712",0.60
三文鱼牛油果塔塔,同行买词,高,"2,709",0.48
三文鱼汤做法,同行买词,中,"2,696",0.52
三文鱼豆腐,,中,"2,691",0.30
gik三文鱼水光精华乳霜,黑马词,高,"2,675",2.56
三文鱼闷饭,,高,"2,678",0.30
三文鱼色口红,同行买词,高,"2,675",1.14
枫糖三文鱼甜吗,,低,"2,672",1.00
三文鱼辅食一岁,同行买词,中,"2,664",0.54
熏鱼娘娘枫糖三文鱼,蓝海词、高点击,中,"2,662",0.55
三文鱼吃多了的危害和好处,,高,"2,662",0.42
三文鱼骨汤的做法大全,,中,"2,656",9.32
帝皇鲜三文鱼,同行买词,中,"2,651",0.96
三文鱼蛋白质,,中,"2,635",1.00
三文鱼籽,蓝海词,中,"2,638",0.81
三文鱼冷冻后能生吃吗,同行买词,中,"2,635",0.38
三文鱼配什么,,高,"2,627",0.31
可生食三文鱼,同行买词、高点击,高,"2,614",0.79
三文鱼恰巴塔,,中,"2,614",0.68
100g三文鱼有多少,,中,"2,609",0.55
吃三文鱼要吃打虫药吗,蓝海词、同行买词、高点击,中,"2,606",1.00
上海三文鱼,同行买词,中,"2,598",0.63
狗能吃三文鱼吗,,中,"2,595",1.02
三文鱼油可以拿来干嘛,,高,"2,593",2.93
三文鱼简笔画,蓝海词,低,"2,590",0.80
三文鱼减脂,同行买词,高,"2,588",0.96
三文鱼刺身吃不完怎么保存,同行买词,高,"2,590",1.00
三文鱼最好吃的做法,同行买词,高,"2,588",0.36
三文鱼配什么酒,同行买词,高,"2,582",1.27
150g三文鱼,,中,"2,580",0.38
三文鱼怎么做好吃熟吃,,高,"2,580",0.30
三文鱼怎么选,同行买词、高点击,高,"2,580",0.30
三文鱼玉米蛇,蓝海词,低,"2,580",0.30
三文鱼减肥法,,高,"2,577",0.33
三文鱼泥,蓝海词、同行买词,低,"2,572",0.30
三文鱼营养,同行买词,高,"2,569",1.00
烤箱烤三文鱼,,高,"2,561",0.95
三文鱼水光多少钱一次,高点击,高,"2,558",1.27
三文鱼芒果薯片塔,蓝海词、高点击,中,"2,556",0.30
盒马三文鱼骨,,中,"2,543",0.78
三文鱼粉,蓝海词,低,"2,540",0.90
新香三文鱼寿司郎,蓝海词、高点击,低,"2,540",0.44
冷冻三文鱼怎么煎,,高,"2,527",0.50
三文鱼好处,同行买词,高,"2,516",1.13
彩棠三文鱼遮瑕,同行买词、高点击,高,"2,506",1.27
吃不完的三文鱼怎么保存,,高,"2,506",1.25
三文鱼蒸法怎么做,,中,"2,503",0.73
三文鱼吃了会寄生虫感染吗,,低,"2,500",0.95
三文鱼会长胖吗,,低,"2,495",0.77
三文鱼蛋糕图片,蓝海词,低,"2,492",0.30
三文鱼放冷藏第二天能吃吗,,中,"2,490",1.00
三文鱼的热量,,高,"2,490",0.39
芦笋三文鱼,,中,"2,484",0.56
三文鱼土豆饼,蓝海词、同行买词,低,"2,468",0.30
山姆三文鱼热量,,中,"2,468",1.00
三文鱼蛋炒饭,,高,"2,463",0.56
蓝极人三文鱼,黑马词,高,"2,453",0.87
三文鱼烩饭辅食一岁以上,蓝海词、高点击,中,"2,442",0.31
三文鱼腩和三文鱼的区别,蓝海词,中,"2,439",0.34
三文鱼保存,,高,"2,437",1.58
厚切三文鱼,同行买词,高,"2,437",0.56
三文鱼意大利面,同行买词,中,"2,431",0.42
厚切软烤三文鱼干,蓝海词,低,"2,431",0.82
三文鱼花,同行买词,低,"2,426",0.52
三文鱼炒蛋,,中,"2,424",0.34
烟熏三文鱼做法,,高,"2,418",0.54
大连三文鱼,蓝海词、同行买词,中,"2,416",0.45
三文鱼芦笋焖饭,,中,"2,416",0.71
三文鱼的梗,,低,"2,413",1.00
杰哥三文鱼,同行买词,高,"2,402",1.00
三文鱼老师,蓝海词,中,"2,397",0.48
三文鱼保存方法,同行买词,高,"2,394",1.00
一斤三文鱼有多少,同行买词,中,"2,389",0.44
三文鱼波奇饭op,黑马词,低,"2,379",0.63
三文鱼骨热量,蓝海词,低,"2,371",0.35
三文鱼粥怎么做好吃,蓝海词、高点击,低,"2,363",0.30
gik三文鱼水光面膜怎么样,黑马词,高,"2,355",1.92
三文鱼和金枪鱼,同行买词,中,"2,357",1.00
三文鱼蛋糕教程,,中,"2,349",0.72
永辉超市三文鱼,,中,"2,352",0.57
三文鱼抗炎,同行买词,中,"2,344",0.50
孕妇能吃三文鱼吗,蓝海词,中,"2,341",0.30
三文鱼干,,中,"2,341",0.96
冰冻三文鱼怎么做好吃,,高,"2,339",0.57
蒸三文鱼做法,同行买词,低,"2,336",0.48
三文鱼刺身有寄生虫吗,,中,"2,331",0.86
三文鱼能不能吃生的,,低,"2,328",0.77
三文鱼不能生吃的原因,,低,"2,320",0.57
食贰三文鱼,,高,"2,320",0.87
三文鱼怎么挑,蓝海词、高点击,中,"2,310",0.30
wagas三文鱼,蓝海词,中,"2,302",0.38
北京三文鱼,同行买词、高点击,高,"2,299",0.30
铂金三文鱼面膜,同行买词,中,"2,291",4.32
盒马的三文鱼,,高,"2,294",0.36
三文鱼沙拉做法,,高,"2,286",0.30
三文鱼片怎么做好吃,,高,"2,289",0.38
三文鱼碳酸泡面膜,,低,"2,275",1.67
三文鱼的做法大全家常菜,,高,"2,273",0.37
枫糖三文鱼做法,高点击,高,"2,267",0.59
三文鱼蒸几分钟,蓝海词,低,"2,267",0.76
吃美乃滋三文鱼声控,,中,"2,254",0.68
三文鱼头烤箱做法,,高,"2,252",1.00
泰式三文鱼,,中,"2,252",0.61
一步生鲜三文鱼,,高,"2,249",1.00
捞汁三文鱼做法,,高,"2,236",0.42
三文鱼中段,同行买词,高,"2,236",1.78
熟成三文鱼,同行买词,高,"2,230",0.53
三文鱼解冻方法,,中,"2,225",1.11
三文鱼没吃完怎么保存,,高,"2,222",1.71
三文鱼头怎么做好吃家常做法,,中,"2,220",0.45
帝王鲑三文鱼,同行买词,高,"2,220",0.64
三文鱼减脂期可以吃吗,蓝海词、同行买词、高点击,中,"2,214",0.37
东方甄选三文鱼,,高,"2,214",0.96
三文鱼搭配什么菜最好,,中,"2,209",0.42
三文鱼拼团,,中,"2,207",0.57
银鲑鱼和三文鱼区别,蓝海词,中,"2,207",1.00
金故三文鱼,,中,"2,204",2.37
山姆的三文鱼,同行买词,高,"2,204",1.00
三文鱼活着的时候长什么样,高点击,高,"2,193",1.00
超级碗三文鱼,,中,"2,185",0.68
三文鱼刺身摆盘,同行买词,高,"2,183",0.76
必胜客三文鱼,高点击,低,"2,183",0.30
婴儿三文鱼辅食做法,,中,"2,172",0.40
三文鱼玉米蛇成体,蓝海词、高点击,低,"2,177",0.30
三文鱼尾段,同行买词,高,"2,175",0.70
三文鱼色上衣,蓝海词,低,"2,172",0.73
沃尔玛三文鱼能生吃吗,,中,"2,172",0.94
山姆三文鱼块做法,,高,"2,164",0.97
三文鱼生吃安全吗,,高,"2,164",0.46
三文鱼种类,同行买词,高,"2,159",0.46
洄游的三文鱼为什么会腐烂,蓝海词、黑马词,中,"2,156",0.36
pdrn三文鱼面膜真实测评,同行买词,高,"2,151",2.69
三文鱼部位区别,同行买词、高点击,中,"2,154",0.30
三文鱼吃法大全,,高,"2,132",0.66
深圳三文鱼,同行买词、高点击,中,"2,127",0.84
三文鱼焗饭,,高,"2,130",0.36
mac三文鱼多用膏,同行买词,高,"2,127",0.69
三文鱼泳衣,,中,"2,117",1.00
costco三文鱼,,中,"2,117",0.75
冻三文鱼怎么做好吃,,高,"2,117",0.31
三文鱼色腮红,同行买词,中,"2,114",0.60
七海里枫糖三文鱼,高点击,高,"2,111",0.42
红烧三文鱼头,,低,"2,098",0.56
杭州三文鱼,同行买词、高点击,高,"2,095",0.30
三文鱼大腹,同行买词,高,"2,095",0.65
三文鱼科技,,低,"2,093",0.30
青岛三文鱼,高点击,中,"2,093",0.94
大连三文鱼自助,,低,"2,093",0.40
山姆三文鱼宝宝辅食,同行买词,中,"2,093",0.65
塔斯马尼亚三文鱼,蓝海词、同行买词、高点击,低,"2,090",0.38
丽珠兰三文鱼水光,同行买词、高点击,高,"2,082",0.85
小猫吃三文鱼,,高,"2,077",1.60
三文鱼腩条,,中,"2,072",0.41
三文鱼炒饭儿童,蓝海词,低,"2,066",0.44
三文鱼奶油意面,同行买词,中,"2,061",0.77
三文鱼有寄生虫嘛,,中,"2,056",1.00
三文鱼鱼骨做法,,中,"2,053",0.57
沉浸式吃三文鱼刺身,,高,"2,053",0.34
我家的三文鱼,,中,"2,050",0.56
三文鱼怎么切片,同行买词,中,"2,048",0.52
山姆烟熏三文鱼,同行买词,中,"2,045",0.50
三文鱼产地,同行买词,中,"2,043",1.00
三文鱼家常做法,,高,"2,035",7.78
三文鱼披萨,,高,"2,035",0.42
舔鲜三文鱼,同行买词、高点击,中,"2,032",2.93
三文鱼可以冷藏多久,,高,"2,029",1.82
三文鱼微波炉做法,,高,"2,029",0.88
三文鱼怎么解冻,同行买词,中,"2,029",0.86
三文鱼遮瑕推荐,同行买词,中,"2,021",2.64
吃三文鱼的视频,,中,"2,027",0.63
炸三文鱼,,中,"2,027",0.55
东盛三文鱼,,中,"2,024",0.57
京东三文鱼,同行买词,高,"2,021",1.00
生腌三文鱼料汁,高点击,中,"2,021",0.71
韩国三文鱼,蓝海词,低,"2,021",3.83
胖东来三文鱼,,高,"2,019",0.42
三文鱼整条,同行买词、高点击,高,"2,019",0.98
三文鱼能量碗,,高,"2,008",0.46
生拌三文鱼军舰,蓝海词、高点击,低,"2,005",0.50
小猫可以吃三文鱼吗,,高,"2,005",1.09
枫糖冷熏三文鱼味道怎么样,蓝海词、高点击,中,"2,003",0.75
婴儿三文鱼辅食做法大全,,低,"1,987",0.54
三文鱼波奇饭lolita铜锣烧,蓝海词,低,"1,987",0.53
三文鱼去腥,同行买词,中,"1,987",0.30
三文鱼酱,同行买词,中,"1,984",0.33
三文鱼色连衣裙,蓝海词,低,"1,984",0.76
火炙焦糖三文鱼,蓝海词,低,"1,984",0.40
三文鱼炒什么菜,,中,"1,982",0.30
三文鱼寄生虫感染什么症状,,中,"1,979",0.57
三文鱼腩和三文鱼中段区别,同行买词,中,"1,979",0.42
来姨妈能吃三文鱼吗,,中,"1,976",0.38
三文鱼味增汤,蓝海词,低,"1,971",0.38
成都三文鱼,同行买词、高点击,中,"1,966",0.41
三文鱼执行标准,,中,"1,963",1.00
生理期能吃三文鱼吗,,中,"1,961",0.88
三文鱼吃货主播,,高,"1,955",0.75
三文鱼菌菇菠菜烩饭,高点击,低,"1,955",0.58
枫糖三文鱼测评,高点击,高,"1,947",0.62
山姆三文鱼多少钱一斤,同行买词,中,"1,945",1.16
沈阳三文鱼,蓝海词、同行买词,低,"1,939",0.41
永旺三文鱼,同行买词,高,"1,937",0.96
三文鱼扒怎么煎,,中,"1,937",0.93
三文鱼烤箱烤多少分钟,,高,"1,934",1.09
烟熏三文鱼是生的还是熟的,,中,"1,931",0.91
三文鱼寄生虫多吗,,中,"1,931",0.65
烤三文鱼头烤箱,,高,"1,921",1.60
烤三文鱼排,,中,"1,921",1.23
盒马三文鱼三明治,蓝海词、同行买词,低,"1,913",0.40
吃一整块三文鱼,,低,"1,913",1.00
一斤三文鱼,同行买词,中,"1,913",0.34
三文鱼和什么搭配最好,,高,"1,910",0.30
三文鱼是什么味道,同行买词,高,"1,910",0.50
库克山三文鱼,同行买词、高点击,中,"1,908",1.28
减脂可以吃三文鱼吗,蓝海词、同行买词、高点击,中,"1,905",0.63
山姆三文鱼怎么保存,同行买词,高,"1,905",1.25
朴朴三文鱼波奇饭,,中,"1,905",0.57
延南洞三文鱼,蓝海词,低,"1,902",0.30
盒海三文鱼,,高,"1,902",1.81
照烧三文鱼做法,,中,"1,900",0.57
三文鱼豆腐煲,蓝海词,低,"1,900",0.36
寿司郎三文鱼刺身,同行买词,低,"1,900",0.55
半岛三文鱼,蓝海词,低,"1,897",0.64
三文鱼颜色,,中,"1,886",0.55
盒马烟熏三文鱼三明治,蓝海词,低,"1,884",0.62
芝士三文鱼,,中,"1,884",0.33
三文鱼辅食搭配什么菜最好,,中,"1,881",0.30
三文鱼鱼头汤,,低,"1,878",0.63
三文鱼到底有没有寄生虫,黑马词,高,"1,878",0.75
国产三文鱼,同行买词,高,"1,871",0.43
盒马全麦烟熏三文鱼三明治,,中,"1,871",0.38
三文鱼是什么梗,,低,"1,871",0.30
三文鱼色是什么颜色,,低,"1,868",1.30
veirfoo三文鱼水光面膜,同行买词,低,"1,863",1.80
冷熏三文鱼,,中,"1,868",1.45
匠匠三文鱼自助,,中,"1,865",0.55
下蛋喵三文鱼粉,蓝海词,低,"1,863",0.37
三文鱼鳍做法,,中,"1,863",0.63
三文鱼怎么买,同行买词、高点击,高,"1,860",0.49
三文鱼鱼尾肉好吃吗,蓝海词、高点击,中,"1,855",0.38
三文鱼海苔,,中,"1,855",1.17
三文鱼吃多了会怎样,,中,"1,855",1.00
百利无谷三文鱼,高点击,高,"1,852",5.82
山姆三文鱼饼干,,中,"1,849",1.00
ole三文鱼,同行买词,中,"1,849",0.72
三文鱼一次吃多少合适,,中,"1,849",0.60
菠菜三文鱼,,中,"1,847",0.44
南宁三文鱼,同行买词、高点击,低,"1,844",0.32
山姆三文鱼怎么煎,,中,"1,841",0.43
好想吃三文鱼,蓝海词、高点击,中,"1,836",0.78
三文鱼怎么蒸好吃又嫩,,低,"1,834",0.50
三文鱼难吃,,中,"1,834",0.55
三文鱼好难吃,,中,"1,831",0.80
法罗和挪威三文鱼的区别,蓝海词、同行买词、高点击,中,"1,823",0.84
乐鲤三文鱼,,中,"1,823",0.56
盒马三文鱼头,,中,"1,823",0.53
三文鱼饺子,同行买词,中,"1,823",0.40
三文鱼碎,同行买词,高,"1,820",0.57
荒野盛宴狼王三文鱼,高点击,高,"1,815",3.22
三文鱼长什么样,,高,"1,812",0.56
三文鱼饼辅食,同行买词,低,"1,804",0.39
三文鱼碗,,中,"1,804",0.30
大口吃三文鱼,,中,"1,802",1.00
成都三文鱼自助,蓝海词、高点击,中,"1,802",0.34
三文鱼米饭,,高,"1,802",1.03
100克三文鱼,,中,"1,799",0.44
下蛋喵三文鱼粉藕粉对比,,中,"1,796",0.62
冷冻三文鱼空气炸锅,,中,"1,796",0.91
山姆挪威三文鱼下架了,蓝海词、同行买词,低,"1,796",1.00
三文鱼甜虾,同行买词,高,"1,796",0.55
三文鱼片,同行买词,高,"1,791",1.00
法罗群岛三文鱼,蓝海词、高点击,中,"1,791",1.00
狗吃三文鱼,同行买词,中,"1,786",1.23
半斤三文鱼有多少,蓝海词,中,"1,789",0.64
三文鱼热量100克,蓝海词,中,"1,781",0.30
三文鱼挂件,黑马词,中,"1,775",0.90
煮三文鱼,,高,"1,773",0.38
三文鱼脂肪含量,蓝海词,中,"1,770",1.36
三文鱼辅食面,,低,"1,765",0.61
红烧三文鱼最好吃的做法,,高,"1,770",0.30
宝宝三文鱼的做法大全,高点击,低,"1,767",0.37
三文鱼酱油推荐,,中,"1,762",1.00
三文鱼晚餐,同行买词,高,"1,759",0.38
三文鱼头为什么便宜,,中,"1,762",1.00
三文鱼冻干,同行买词,高,"1,759",1.19
烟熏三文鱼有寄生虫吗,蓝海词,中,"1,759",1.00
枫糖三文鱼好吃吗,高点击,中,"1,757",1.32
三文鱼边角料做法,同行买词,高,"1,751",1.00
达美乐三文鱼能量碗,蓝海词,低,"1,751",0.56
咖喱三文鱼,同行买词,中,"1,749",1.99
元初三文鱼,黑马词,中,"1,746",0.30
pdrn三文鱼水光面膜,同行买词,中,"1,738",2.34
吃三文鱼拉肚子,,高,"1,741",1.39
三文鱼长胖吗,,中,"1,738",0.74
新香三文鱼茸,蓝海词,中,"1,736",0.75
盒马的三文鱼可以直接吃吗,高点击,低,"1,736",0.30
三文鱼儿童做法,蓝海词、同行买词,低,"1,733",0.31
福州三文鱼,高点击,中,"1,730",0.39
一条三文鱼多少钱,同行买词,中,"1,730",2.32
沉浸式吃厚切三文鱼美乃滋,,高,"1,728",0.56
三文鱼减脂餐做法,同行买词,高,"1,722",0.54
必胜客多谷物披萨三文鱼,高点击,中,"1,725",0.30
三文鱼泥辅食,,中,"1,714",0.52
三文鱼哪家的品质比较好,同行买词、高点击,高,"1,720",0.70
三文鱼100克有多少,蓝海词,中,"1,720",0.50
每天吃三文鱼,同行买词,中,"1,720",0.45
怀孕可以吃三文鱼吗,蓝海词,中,"1,714",0.34
半斤三文鱼,,中,"1,714",0.40
感冒能吃三文鱼吗,高点击,中,"1,712",0.58
小猫能吃三文鱼吗,,高,"1,707",1.52
三文鱼是淡水鱼还是海水鱼,,低,"1,707",1.00
济南三文鱼,高点击,中,"1,704",0.32
熟三文鱼做法,,中,"1,704",0.36
三文鱼体脂率,,低,"1,701",1.00
三文鱼太太新作《薄荷糖》,,低,"1,704",0.84
三文鱼料理,同行买词,高,"1,704",0.46
想吃三文鱼,同行买词,高,"1,701",0.57
必胜客三文鱼谷物披萨,高点击,中,"1,688",0.30
香炸三文鱼腩翼,蓝海词、高点击,低,"1,683",0.38
感冒可以吃三文鱼吗,高点击,中,"1,680",0.36
三文鱼蘸料怎么调,同行买词,中,"1,680",0.30
三文鱼会有寄生虫吗,,中,"1,680",0.65
三文鱼与虹鳟鱼的区别,蓝海词、高点击,中,"1,680",0.38
三文鱼脂肪含量多吗,蓝海词,低,"1,677",0.60
三文鱼生吃好还是熟吃好,,高,"1,677",0.76
三文鱼吃到爽,,中,"1,675",0.63
三文鱼清蒸几分钟最好,蓝海词,低,"1,675",0.37
medicube三文鱼精华,,低,"1,669",2.55
为什么总想吃三文鱼,,高,"1,672",0.42
三文鱼吃多了会怎么样,,中,"1,672",0.38
假三文鱼,蓝海词,中,"1,672",0.30
三文鱼蝴蝶兰,蓝海词、同行买词,低,"1,669",0.59
三文鱼店铺推荐哪家,同行买词、高点击,高,"1,667",0.44
三文鱼拼豆图纸,,高,"1,667",2.11
三文鱼头怎么做,,中,"1,667",0.44
油炸三文鱼粘锅,,低,"1,662",1.00
一绪三文鱼畅吃,,中,"1,662",1.04
三文鱼gb10136标准,高点击,中,"1,662",0.44
三文鱼捏捏,蓝海词、同行买词,高,"1,659",0.62
经期可以吃三文鱼吗,,中,"1,656",1.00
沉浸式吃三文鱼,,中,"1,656",0.66
沈阳三文鱼自助,蓝海词、高点击,低,"1,654",0.39
三文鱼寿司家庭做法,,高,"1,654",0.37
三文鱼鱼柳,同行买词,中,"1,651",0.34
三文鱼嘌呤高吗,,中,"1,646",1.00
三文鱼到底能不能生吃,,中,"1,646",0.64
三文鱼焖饭辅食,蓝海词,低,"1,643",0.30
三文鱼手握,,中,"1,635",0.38
三文鱼英文,,中,"1,632",1.55
三文鱼料汁怎么调,高点击,中,"1,617",0.88
南京水之惠三文鱼自助,蓝海词,低,"1,614",0.30
一岁以上宝宝三文鱼做法,蓝海词,低,"1,611",0.41
三文鱼配什么蔬菜,,高,"1,611",0.87
三文鱼肉怎么做好吃,,高,"1,611",0.60
三文鱼围巾,,低,"1,606",1.00
猫咪吃三文鱼,同行买词,高,"1,603",2.25
三文鱼比基尼,蓝海词,中,"1,601",0.76
三文鱼隔夜还能生吃吗,蓝海词,中,"1,603",0.55
鲑鱼是三文鱼吗,同行买词,中,"1,603",1.00
老张三文鱼,同行买词,高,"1,603",1.00
狗可以吃三文鱼吗,,中,"1,601",1.14
枫糖烟熏三文鱼店铺,高点击,高,"1,601",0.49
枫糖三文鱼是熟的还是生的,蓝海词,中,"1,598",0.93
nars三文鱼色遮瑕膏,同行买词,中,"1,595",5.72
海天下三文鱼,蓝海词、高点击,低,"1,595",0.53
三文鱼乌冬面,,低,"1,593",0.48
三文鱼三明治做法,,高,"1,587",0.56
深圳三文鱼自助,,中,"1,585",0.30
盐烤三文鱼头,,中,"1,585",1.00
经常吃三文鱼要吃打虫药吗,高点击,中,"1,580",0.53
狗狗吃三文鱼,同行买词,中,"1,577",1.08
减脂能吃三文鱼吗,蓝海词、高点击,中,"1,577",0.38
三文鱼配什么饮料,,高,"1,574",1.05
小象法罗三文鱼,,中,"1,574",0.77
三文鱼配菜,,高,"1,574",0.65
三文鱼皮能吃吗,,中,"1,574",0.37
小象超市三文鱼刺身能吃吗,,低,"1,572",0.37
三文鱼烩饭辅食,蓝海词、同行买词、高点击,中,"1,569",0.30
虹鳟和三文鱼的区别,高点击,中,"1,566",0.34
三文鱼洄游,黑马词,高,"1,564",2.37
宝宝三文鱼推荐哪个牌子,同行买词、高点击,高,"1,564",0.87
番茄三文鱼做法,蓝海词,低,"1,564",0.30
kpro三文鱼,,低,"1,564",0.77
盒马三文鱼价格,蓝海词、高点击,中,"1,558",0.43
三文鱼水光针品牌,同行买词,中,"1,550",1.00
三文鱼怎么做好吃空气炸锅,,高,"1,556",0.38
厦门三文鱼,同行买词,中,"1,550",0.30
三文鱼刺身搭配什么吃,,高,"1,553",0.39
长春三文鱼,蓝海词、高点击,低,"1,548",0.30
蒜香三文鱼,,中,"1,550",0.73
三文鱼常温能放多久,蓝海词,低,"1,548",1.00
三文鱼为什么尽量少吃啊,,高,"1,542",0.32
拌三文鱼,,中,"1,542",0.60
三文鱼怎么吃好吃,同行买词,高,"1,540",0.38
新疆三文鱼养殖基地,蓝海词,低,"1,537",0.30
一整条三文鱼,,中,"1,537",0.79
三文鱼公主和清道夫侍卫,,低,"1,537",1.00
盒马三文鱼鱼骨,,中,"1,529",1.00
三文鱼减肥吗,蓝海词,中,"1,529",0.81
三文鱼表情包,,低,"1,527",1.00
三文鱼骨头,,低,"1,524",0.71
山姆三文鱼被曝光,,低,"1,519",1.00
三文鱼调料汁怎么调,同行买词,中,"1,516",1.03
三文鱼t,,低,"1,516",0.81
孕妇吃三文鱼,,中,"1,508",1.00
三文鱼冷冻后怎么吃,,中,"1,513",1.15
大渔三文鱼自助门店,,中,"1,511",0.41
三文鱼面条做法,同行买词,中,"1,508",0.95
三文鱼炒饭辅食,,低,"1,508",0.30
拼多多三文鱼,同行买词、高点击,高,"1,505",0.87
三文鱼西兰花,,中,"1,503",0.66
焗三文鱼头,,低,"1,503",0.66
日本三文鱼,蓝海词,低,"1,492",0.76
三文鱼买哪家,同行买词、高点击,高,"1,492",0.45
哈兰德三文鱼,高点击,中,"1,492",1.65
三文鱼平替,,高,"1,492",0.55
阳光小雨三文鱼,高点击,高,"1,492",0.48
三文鱼的公主,蓝海词,中,"1,490",0.38
生三文鱼,,高,"1,487",0.55
猫咪可以吃三文鱼吗,,中,"1,484",1.41
三文鱼不好吃,,中,"1,484",1.00
三文鱼面霜,同行买词,低,"1,476",2.99
三文鱼边角料的做法大全,,中,"1,482",0.41
枫糖三文鱼推荐店铺,高点击,高,"1,479",0.72
三文鱼花束,,低,"1,476",0.60
怀孕能吃三文鱼吗,蓝海词,低,"1,476",0.49
三文鱼大王,蓝海词,中,"1,474",1.00
颐莲三文鱼水光面膜,同行买词,高,"1,468",2.24
一口饭三文鱼,高点击,中,"1,474",0.40
三文鱼怎么煎好吃,同行买词,中,"1,471",0.63
三文鱼煮多久能熟,,中,"1,471",0.54
枫糖浆三文鱼,,低,"1,471",0.69
三文鱼可以蒸着吃吗,蓝海词,低,"1,471",0.66
三文鱼生食标准gb10136,高点击,中,"1,471",0.56
三文鱼吐司,,中,"1,468",0.40
鲜有汇聚三文鱼,同行买词,高,"1,468",0.35
烤三文鱼热量,,低,"1,466",0.82
三文鱼饭热量,,中,"1,466",0.58
三文鱼背脂肉做法,,高,"1,463",0.47
三文鱼吃货视频,,中,"1,463",0.55
烟熏三文鱼热量,蓝海词,中,"1,463",0.40
三文鱼汉堡,,中,"1,463",0.63
三文鱼真的好吃吗,同行买词,中,"1,460",0.64
三文鱼针,,低,"1,455",1.87
三文鱼榴莲饭,,中,"1,458",0.74
香港三文鱼,蓝海词,低,"1,455",0.65
三文鱼为什么生吃,,低,"1,453",0.34
三文鱼鱼排,同行买词,高,"1,453",0.57
兽圈三文鱼,,低,"1,453",0.30
日日鲜三文鱼,高点击,中,"1,450",0.69
pdd三文鱼,蓝海词、同行买词、高点击,中,"1,447",0.31
三文鱼牛油果饭,同行买词,中,"1,447",0.53
薄荷三文鱼,,低,"1,442",0.56
三丽鸥三文鱼,蓝海词、同行买词,低,"1,439",1.00
朴朴三文鱼怎么样,,中,"1,437",0.39
南京三文鱼,高点击,中,"1,434",0.30
三文鱼罐头怎么吃,,中,"1,431",1.81
冰鲜三文鱼,同行买词,高,"1,431",0.79
三文鱼早餐搭配,,高,"1,423",0.47
枫糖三文鱼是什么,,高,"1,426",1.16
比优特三文鱼,,中,"1,426",0.55
三文鱼扒空气炸锅,,中,"1,423",0.62
三文鱼要洗吗,,高,"1,418",0.37
sr三文鱼t恤,,低,"1,418",0.53
蔡澜三文鱼,,高,"1,418",2.09
三文鱼画法,蓝海词,低,"1,413",0.63
三文鱼摆盘图片,,低,"1,415",0.41
三文鱼鸡蛋,同行买词,中,"1,415",0.55
炖三文鱼,,高,"1,413",0.31
南京三文鱼自助,蓝海词、高点击,低,"1,410",0.30
长沙三文鱼,同行买词、高点击,低,"1,408",1.03
三文鱼吃了会胖吗,蓝海词,中,"1,410",0.46
三文鱼泡饭,,中,"1,410",0.64
康俪美三文鱼水光,同行买词,中,"1,400",1.22
国信三文鱼,,低,"1,402",0.86
烟熏三文鱼贝果,,低,"1,400",0.91
三文鱼碎碎面,,低,"1,394",0.69
三文鱼土豆,,低,"1,394",0.31
三文鱼辅食做法2岁,同行买词,低,"1,384",0.38
滨寿司大切三文鱼,,低,"1,389",1.00
山姆的三文鱼怎么做好吃,,高,"1,386",0.38
三文鱼酱汁怎么调,,中,"1,386",0.76
小狗吃三文鱼,,中,"1,384",1.11
三文鱼哪里买,同行买词,高,"1,384",1.00
盒马三文鱼哪个适合宝宝吃,蓝海词、高点击,低,"1,384",0.50
gik三文鱼水光面膜,同行买词、黑马词,中,"1,378",1.11
三文鱼汤怎么做好吃,,中,"1,381",0.50
三文鱼头豆腐煲,蓝海词,低,"1,381",0.44
至尊炙烧三文鱼手握,,高,"1,381",1.00
三文鱼芒果牛油果,,中,"1,378",0.82
三文鱼蘑菇焖饭,,高,"1,376",0.34
三文鱼鱼生,,中,"1,373",0.84
山姆冷冻三文鱼做法,,中,"1,370",0.38
辣奶油三文鱼,蓝海词,中,"1,368",0.63
三文鱼能冷冻吗,,中,"1,370",1.00
鱼鲜生三文鱼,,中,"1,368",0.55
三文鱼标准,,高,"1,368",1.00
三文鱼头怎么做好吃空气炸锅,,中,"1,363",1.00
三文鱼头价格便宜的原因,蓝海词,中,"1,357",1.00
上海三文鱼外卖,,中,"1,355",1.80
武汉三文鱼自助,,低,"1,355",0.32
三文鱼营养成分,,高,"1,352",1.00
三文鱼怎么做好吃生吃,,中,"1,355",0.76
鱼屋三文鱼蛋糕,,中,"1,355",0.35
三文鱼炊饭,高点击,中,"1,349",0.34
三文鱼水光针,同行买词、高点击,中,"1,336",1.88
小狗可以吃三文鱼吗,,中,"1,344",1.00
三文鱼块怎么煎,,高,"1,344",0.66
三文鱼在海里的样子,高点击,中,"1,341",0.67
纯尔三文鱼,,中,"1,339",0.70
三文鱼鱼皮,,中,"1,339",0.61
三文鱼煮熟,,中,"1,339",0.38
武汉三文鱼,高点击,中,"1,336",0.30
三文鱼哪里最好吃,,高,"1,336",1.72
生食三文鱼,同行买词,高,"1,333",0.41
宜家三文鱼冷盘,,低,"1,326",1.51
三文鱼寄生虫长什么样,蓝海词、高点击,低,"1,326",0.30
三文鱼皮边角料怎么做好吃,,低,"1,326",0.75
三文鱼饭电饭煲,,高,"1,323",0.44
婴儿三文鱼,同行买词、高点击,中,"1,318",0.50
三文鱼吃不完冷藏还是冷冻,,高,"1,320",1.00